0,1
103,26617
130-25-1280x720_left,8461
434,5232
450,9907
video72,128
357,1373
108-15-640x480,478
video48,2542
134-30-1280x720,3875
video49_right,6121
video18,3783
video23,8789
109-30-1280x720,1045
105-30-1280x720,1501
video3,7801
165,4567
139,8165
311,1930
video17,21937
274,3526
video11,4379
video9,3794
344,4263
367,4169
365,1067
42-30-480x480,1394
video22,10469
video30,8217
video28,8727
336,4344
349,4054
49-30-1280x720_left,847
88-30-360x480,3722
video49_left,6121
video13,10566
102-30-640x360,2983
209,2856
video21,6808
video45_6,308
159,3458
video40,5876
video47,820
62-30-654x480,12033
103-30-384x480,771
video33,7553
370,1939
284,4054
video29_left,11259
56-30-1080x1920,4300
416,6511
video36,2424
353,2856
38-30-1920x1080,2431
80-30-320x240,5673
video65,4571
video39,10678
358,324
11-24-1920x1080,5389
164,7043
video24,5204
130,4001
119,4576
video44,7785
375,2957
video5_right,2468
58-30-640x480,2876
video45_4,1038
video7,3377
video45_5,414
video45_2,1095
video51,4407
video14,7585
380,2375
281,7011
267,3841
14-30-1920x1080,5310
video25,3644
197,1869
32-60-1920x1080,4459
74-25-1920x1080,5041
video45_3,294
204,5925
video20,11271
video73,5951
video29_right,11259
video45_7,179
304,2693
70-30-720x1280,2783
video38,2944
49-30-1280x720_right,847
video34,10281
video16,12486
43-30-406x720,2873
video12,5579
147,19694
244,2321
video2_left,2064
video10_1_right,4256
408,2978
video32,2775
91-30-1920x1080,10921
video46,3172
video37,9186
video26,11020
video27,16418
307,3310
128-24-1920x1080,3812
55-25-1280x720,1505
video53,7979
video10_1_left,4256
6-30-1920x1080_left,7985
322,2428
video8,5367
video45_1,812
199,2917
289,4203
video15,4287
241,3512
268,4366
130-25-1280x720_right,8461
382,2713
102,4777
36-24-1280x720,5260
video6,5324
video41,3494
381,1265
video42,9226
video4,1550
video2,2064
439,2308
2-30-640x360,19352
video5_left,2468
194,4536
265,6719
219,3891
133-30-1280x720,2403
video52,10679
video19,784
137-30-1920x1080,8552
3-25-1920x1080,6188
video35,3567
6-30-1920x1080_right,7985
